membership_type,accuracy,precision,recall,f1_score,r_squared,confidence_mean,combined_score
triangular,0.7321603128054741,0.7977663762231318,0.7321603128054741,0.7370104881345433,0.6077092592967501,0.7276574011389855,0.6982201194832053
trapezoidal,0.05474095796676442,0.19292589342754443,0.05474095796676442,0.017439016643252786,-0.443251571547141,0.5629924818612775,-0.12076815981386535
sigmoid,0.15640273704789834,0.02446181615607403,0.15640273704789834,0.04230674205860311,-0.003160240873722797,0.18303854981731346,0.028666647178905335
gaussian,0.05278592375366569,0.18161205181928927,0.05278592375366569,0.012039565738359055,-0.41912927545748735,0.5488001759197425,-0.11731108662039486
bell,0.05278592375366569,0.18161677737496887,0.05278592375366569,0.01204815183769914,-0.19677396443632933,0.40874597011105235,-0.050598483044509396
